Merchant,Amount,Date,Cardholder,Category,Memo
Notion Labs,96.0,2026-06-15,Jordan Ellis,Software,"Fixture, invented"
Figma Inc,45.0,2026-06-15,Jordan Ellis,Software,"Fixture, invented"
Calendly,12.0,2026-06-15,Jordan Ellis,Software,"Fixture, invented"
Notion Labs,96.0,2026-07-15,Jordan Ellis,Software,"Fixture, invented"
Figma Inc,45.0,2026-07-15,Jordan Ellis,Software,"Fixture, invented"
Calendly,12.0,2026-07-15,Jordan Ellis,Software,"Fixture, invented"
Notion Labs,96.0,2026-08-15,Jordan Ellis,Software,"Fixture, invented"
Figma Inc,45.0,2026-08-15,Jordan Ellis,Software,"Fixture, invented"
Calendly,12.0,2026-08-15,Jordan Ellis,Software,"Fixture, invented"
